"#","Appellation","Author Name","Created At"
"1","Война и Мир !!!","Root","2019-08-10 17:55:12"
"2","Война и Мир!","Root","2019-08-10 18:02:15"
"3","Война и Мир!","Root","2019-08-10 18:05:43"
"4","Война и Мир!","Root","2019-08-10 18:05:43"
"5","Война и Мир!","Root","2019-08-10 18:06:53"
"6","Война и Мир!","Root","2019-08-10 18:06:53"
"7","Война и Мир!","Root","2019-08-10 18:06:53"
"8","Война и Мир!","Root","2019-08-10 18:06:53"
"9","Интересно!!!","Root","2019-08-10 18:33:26"
"10","Роман","Vladimir","2019-08-10 19:29:00"
"","","",""